timestamp,project_name,run_id,experiment_id,duration,emissions,emissions_rate,cpu_power,gpu_power,ram_power,cpu_energy,gpu_energy,ram_energy,energy_consumed,country_name,country_iso_code,region,cloud_provider,cloud_region,os,python_version,codecarbon_version,cpu_count,cpu_model,gpu_count,gpu_model,longitude,latitude,ram_total_size,tracking_mode,on_cloud,pue
2025-10-09T11:14:26,codecarbon,6412e832-e3ef-4d8f-a894-14f4c586a05c,5b0fa12a-3dd7-45bb-9766-cc326314d9f1,175.67249183298554,0.0003920499411576,2.231709342008916e-06,1.294,0.0251,3.0,3.736719199170874e-05,0.0004041065713979,0.0001132162951391,0.0005546900585288,Saudi Arabia,SAU,riyadh region,,,macOS-15.6.1-arm64-arm-64bit-Mach-O,3.13.5,3.0.7,8,Apple M3,1,Apple M3,46.7224,24.6869,16.0,machine,N,1.0
2025-10-09T11:16:21,codecarbon,efc17bac-8581-43fb-8bcd-9414f0d5b8c4,5b0fa12a-3dd7-45bb-9766-cc326314d9f1,30.523667042027228,5.151955325390854e-05,1.6878559572469662e-06,0.3568,0.0,3.0,2.656163924762339e-06,4.990127106453351e-05,2.0334768298392495e-05,7.289220328768835e-05,Saudi Arabia,SAU,riyadh region,,,macOS-15.6.1-arm64-arm-64bit-Mach-O,3.13.5,3.0.7,8,Apple M3,1,Apple M3,46.7224,24.6869,16.0,machine,N,1.0
2025-10-09T11:17:36,codecarbon,3000c1d9-f2e0-46ee-9f0a-0fd6b0291423,5b0fa12a-3dd7-45bb-9766-cc326314d9f1,70.5202575000003,0.0001558095089959,2.2094290990918287e-06,1.0038000000000002,0.0009,3.0,1.4262618500609002e-05,0.0001619777206963,4.420602895993701e-05,0.0002204463681568,Saudi Arabia,SAU,riyadh region,,,macOS-15.6.1-arm64-arm-64bit-Mach-O,3.13.5,3.0.7,8,Apple M3,1,Apple M3,46.7224,24.6869,16.0,machine,N,1.0
2025-10-09T11:19:02,codecarbon,d41d5110-e738-40ae-8f0f-1531633d6446,5b0fa12a-3dd7-45bb-9766-cc326314d9f1,83.8619503340451,0.0001615356638007,1.92620924218049e-06,0.8765000000000001,0.0113999999999999,3.0,1.5691609773446813e-05,0.0001610880974173,5.1768284790838755e-05,0.0002285479919816,Saudi Arabia,SAU,riyadh region,,,macOS-15.6.1-arm64-arm-64bit-Mach-O,3.13.5,3.0.7,8,Apple M3,1,Apple M3,46.7224,24.6869,16.0,machine,N,1.0
2025-10-09T11:22:53,codecarbon,54b04125-ad7b-442b-9da5-0e2f19c1088b,5b0fa12a-3dd7-45bb-9766-cc326314d9f1,28.542314124992117,5.514528406001077e-05,1.9320537157050156e-06,0.3221,0.0,3.0,1.0275175055897098e-05,4.906880562953119e-05,1.867807117998988e-05,7.802205186541816e-05,Saudi Arabia,SAU,riyadh region,,,macOS-15.6.1-arm64-arm-64bit-Mach-O,3.13.5,3.0.7,8,Apple M3,1,Apple M3,46.7224,24.6869,16.0,machine,N,1.0
2025-10-09T11:24:02,codecarbon,1a16f8ff-f335-4047-88d3-0b164bd0999a,5b0fa12a-3dd7-45bb-9766-cc326314d9f1,66.54583625000669,0.0001558045881568,2.3413123485513624e-06,1.0196,0.0,3.0,7.632806964459633e-06,0.000170836173549,4.197042541665725e-05,0.0002204394059302,Saudi Arabia,SAU,riyadh region,,,macOS-15.6.1-arm64-arm-64bit-Mach-O,3.13.5,3.0.7,8,Apple M3,1,Apple M3,46.7224,24.6869,16.0,machine,N,1.0
2025-10-09T11:25:24,codecarbon,afb7df18-72d2-4b09-ae25-a915920739bd,5b0fa12a-3dd7-45bb-9766-cc326314d9f1,78.50455399998464,0.0001783569248014,2.271930935388471e-06,6.856,0.0244,3.0,4.091779527947552e-05,0.0001501327693867,6.129691118083429e-05,0.000252347475847,Saudi Arabia,SAU,riyadh region,,,macOS-15.6.1-arm64-arm-64bit-Mach-O,3.13.5,3.0.7,8,Apple M3,1,Apple M3,46.7224,24.6869,16.0,machine,N,1.0
2025-10-09T11:31:53,codecarbon,e7b14cca-18bf-46ca-9cd3-56cda73bcf42,5b0fa12a-3dd7-45bb-9766-cc326314d9f1,29.889012667001225,5.534632469579939e-05,1.851728101975886e-06,0.36,0.0,3.0,9.356451036244108e-06,4.916526440179704e-05,1.9784777847526128e-05,7.830649328556728e-05,Saudi Arabia,SAU,riyadh region,,,macOS-15.6.1-arm64-arm-64bit-Mach-O,3.13.5,3.0.7,8,Apple M3,1,Apple M3,46.7224,24.6869,16.0,machine,N,1.0
2025-10-09T11:32:55,codecarbon,94a7b504-b3af-40ea-a58a-de97fba4748b,5b0fa12a-3dd7-45bb-9766-cc326314d9f1,57.61580920900451,0.0001264918340471,2.195436214186572e-06,0.4142,0.0,3.0,6.208080451972977e-06,0.0001351764782262,3.758183173583044e-05,0.000178966390414,Saudi Arabia,SAU,riyadh region,,,macOS-15.6.1-arm64-arm-64bit-Mach-O,3.13.5,3.0.7,8,Apple M3,1,Apple M3,46.7224,24.6869,16.0,machine,N,1.0
2025-10-09T11:34:10,codecarbon,0f57b77a-b1c7-4bb2-9992-0b68e7d94dee,5b0fa12a-3dd7-45bb-9766-cc326314d9f1,73.01188449998153,0.0001442068393343,1.975114603902777e-06,0.3525,0.0,3.0,5.820439930499812e-06,0.0001509082890011,4.7301655346576194e-05,0.0002040303842782,Saudi Arabia,SAU,riyadh region,,,macOS-15.6.1-arm64-arm-64bit-Mach-O,3.13.5,3.0.7,8,Apple M3,1,Apple M3,46.7224,24.6869,16.0,machine,N,1.0
2025-10-09T11:40:34,codecarbon,20615a9a-62d8-4e63-9517-b6f53ca9ebc4,5b0fa12a-3dd7-45bb-9766-cc326314d9f1,28.18811462499434,5.058194624408448e-05,1.7944423356088376e-06,1.2808000000000002,0.0136,3.0,4.833101996547568e-06,4.830202763232841e-05,1.8430504687469995e-05,7.156563431634596e-05,Saudi Arabia,SAU,riyadh region,,,macOS-15.6.1-arm64-arm-64bit-Mach-O,3.13.5,3.0.7,8,Apple M3,1,Apple M3,46.7224,24.6869,16.0,machine,N,1.0
2025-10-09T11:41:48,codecarbon,db8c2e17-5a8e-43c9-944a-0a0ffc119146,5b0fa12a-3dd7-45bb-9766-cc326314d9f1,71.7591934580123,0.0001619143221958,2.256356494454853e-06,0.327,0.0019,3.0,1.4682882741190814e-05,0.0001679013100749,4.6499542256691104e-05,0.0002290837350727,Saudi Arabia,SAU,riyadh region,,,macOS-15.6.1-arm64-arm-64bit-Mach-O,3.13.5,3.0.7,8,Apple M3,1,Apple M3,46.7224,24.6869,16.0,machine,N,1.0
2025-10-09T11:43:10,codecarbon,7603f5f1-f7dd-41b2-ad3f-6ecf2538341e,5b0fa12a-3dd7-45bb-9766-cc326314d9f1,77.61960408301093,0.000149487453668,1.925898172685695e-06,0.8244999999999999,0.0,3.0,9.243380820777993e-06,0.0001516480694831,5.061018691000451e-05,0.0002115016372139,Saudi Arabia,SAU,riyadh region,,,macOS-15.6.1-arm64-arm-64bit-Mach-O,3.13.5,3.0.7,8,Apple M3,1,Apple M3,46.7224,24.6869,16.0,machine,N,1.0
2025-10-09T11:58:10,codecarbon,57185c58-2f14-48f5-912e-3667ac944f3e,5b0fa12a-3dd7-45bb-9766-cc326314d9f1,24.79055466601858,4.919031120686304e-05,1.9842360072035906e-06,0.4265,1.3361000000000005,3.0,4.472900274492381e-06,4.965061879631397e-05,1.5473166805022627e-05,6.959668587582898e-05,Saudi Arabia,SAU,riyadh region,,,macOS-15.6.1-arm64-arm-64bit-Mach-O,3.13.5,3.0.7,8,Apple M3,1,Apple M3,46.7224,24.6869,16.0,machine,N,1.0
2025-10-09T11:59:29,codecarbon,a7395d83-e7cc-449e-82bc-627fe2e3c35a,5b0fa12a-3dd7-45bb-9766-cc326314d9f1,76.93463529099245,0.0001730976890599,2.249931885752806e-06,1.1613,0.0038,3.0,1.8210033791051232e-05,0.0001754184273916,5.1278009131638106e-05,0.0002449064703143,Saudi Arabia,SAU,riyadh region,,,macOS-15.6.1-arm64-arm-64bit-Mach-O,3.13.5,3.0.7,8,Apple M3,1,Apple M3,46.7224,24.6869,16.0,machine,N,1.0
2025-10-09T12:00:53,codecarbon,a93e35d3-bd0c-4c19-99ee-c20f77fe69c5,5b0fa12a-3dd7-45bb-9766-cc326314d9f1,79.50301083299564,0.0001826112563739,2.296909946687589e-06,2.3291000000000004,0.0,3.0,3.2903495551251096e-05,0.0001628970105314,6.25661912492069e-05,0.0002583666973319,Saudi Arabia,SAU,riyadh region,,,macOS-15.6.1-arm64-arm-64bit-Mach-O,3.13.5,3.0.7,8,Apple M3,1,Apple M3,46.7224,24.6869,16.0,machine,N,1.0
2025-10-09T12:01:28,codecarbon,c4b9a38d-0b0b-4d21-8a26-70309f7b94d9,5b0fa12a-3dd7-45bb-9766-cc326314d9f1,32.48802112496924,5.70768846229041e-05,1.7568593791339498e-06,0.4545999999999999,0.5175000000000001,3.0,6.625792565672087e-06,5.223180815832839e-05,2.189736732582484e-05,8.075496804982532e-05,Saudi Arabia,SAU,riyadh region,,,macOS-15.6.1-arm64-arm-64bit-Mach-O,3.13.5,3.0.7,8,Apple M3,1,Apple M3,46.7224,24.6869,16.0,machine,N,1.0
2025-10-09T12:02:10,codecarbon,4abb286a-60c9-4b97-8b23-9a866cc29522,5b0fa12a-3dd7-45bb-9766-cc326314d9f1,37.86910445796093,8.341454984966211e-05,2.202707221192988e-06,0.9693,0.0038,3.0,4.727300172894694e-06,8.998540633693448e-05,2.330598621498211e-05,0.0001180186927248,Saudi Arabia,SAU,riyadh region,,,macOS-15.6.1-arm64-arm-64bit-Mach-O,3.13.5,3.0.7,8,Apple M3,1,Apple M3,46.7224,24.6869,16.0,machine,N,1.0
2025-10-09T12:02:44,codecarbon,068062cf-26fd-4274-8f17-9968a373d055,5b0fa12a-3dd7-45bb-9766-cc326314d9f1,31.092311083048116,5.720450958688095e-05,1.839828163113597e-06,1.0132,0.0,3.0,1.127303141849822e-05,4.913007209371974e-05,2.0532434131697906e-05,8.093553764391588e-05,Saudi Arabia,SAU,riyadh region,,,macOS-15.6.1-arm64-arm-64bit-Mach-O,3.13.5,3.0.7,8,Apple M3,1,Apple M3,46.7224,24.6869,16.0,machine,N,1.0
2025-10-09T12:03:21,codecarbon,5ac4a307-3a0c-486b-964d-ff895fb4af57,5b0fa12a-3dd7-45bb-9766-cc326314d9f1,32.74529870797414,5.712508888027608e-05,1.7445279516221049e-06,0.9345,0.0038,3.0,6.940805006236163e-06,5.189308360826838e-05,2.198928100745737e-05,8.082316962196191e-05,Saudi Arabia,SAU,riyadh region,,,macOS-15.6.1-arm64-arm-64bit-Mach-O,3.13.5,3.0.7,8,Apple M3,1,Apple M3,46.7224,24.6869,16.0,machine,N,1.0
2025-10-09T12:03:53,codecarbon,2767fe9b-1f95-4d8b-a55c-a4ec78acec6e,5b0fa12a-3dd7-45bb-9766-cc326314d9f1,29.312836041033737,5.449903917827568e-05,1.8592209604688164e-06,1.452,0.0,3.0,7.1908674717984585e-06,5.0909516645161945e-05,1.9007331145791492e-05,7.710771526275189e-05,Saudi Arabia,SAU,riyadh region,,,macOS-15.6.1-arm64-arm-64bit-Mach-O,3.13.5,3.0.7,8,Apple M3,1,Apple M3,46.7224,24.6869,16.0,machine,N,1.0
2025-10-09T12:04:20,codecarbon,c9e5f678-3748-470c-926b-266d1fbb8a74,5b0fa12a-3dd7-45bb-9766-cc326314d9f1,22.15044766600477,4.329263301315508e-05,1.954481176450358e-06,0.7756000000000001,0.0,3.0,1.7863751908047094e-06,4.636975323371816e-05,1.3096254547466136e-05,6.1252382971989e-05,Saudi Arabia,SAU,riyadh region,,,macOS-15.6.1-arm64-arm-64bit-Mach-O,3.13.5,3.0.7,8,Apple M3,1,Apple M3,46.7224,24.6869,16.0,machine,N,1.0
2025-10-09T12:04:58,codecarbon,bfe7e864-7005-4e1a-b1cd-d4c3a067e230,5b0fa12a-3dd7-45bb-9766-cc326314d9f1,34.92798754200339,7.003565968326381e-05,2.005144430352334e-06,2.6474,0.0009,3.0,1.4213288117418232e-05,5.1186100284994245e-05,3.369024302082835e-05,9.908963142324084e-05,Saudi Arabia,SAU,riyadh region,,,macOS-15.6.1-arm64-arm-64bit-Mach-O,3.13.5,3.0.7,8,Apple M3,1,Apple M3,46.7224,24.6869,16.0,machine,N,1.0
2025-10-09T12:05:35,codecarbon,b717a594-7dc7-4734-b88c-72a820e9a592,5b0fa12a-3dd7-45bb-9766-cc326314d9f1,32.24896770803025,5.557241584693658e-05,1.7232308441643112e-06,1.2798,0.001,3.0,7.114722790093541e-06,5.010427011222803e-05,2.1407384409976656e-05,7.862637731229823e-05,Saudi Arabia,SAU,riyadh region,,,macOS-15.6.1-arm64-arm-64bit-Mach-O,3.13.5,3.0.7,8,Apple M3,1,Apple M3,46.7224,24.6869,16.0,machine,N,1.0
2025-10-09T12:06:17,codecarbon,82935b5b-bf32-4f53-bb7b-1cb3e95ed320,5b0fa12a-3dd7-45bb-9766-cc326314d9f1,39.36844341602409,8.270930967759651e-05,2.100903731538734e-06,0.2875,0.0038,3.0,5.861335548371658e-06,8.671963934488833e-05,2.4439912013331196e-05,0.0001170208869065,Saudi Arabia,SAU,riyadh region,,,macOS-15.6.1-arm64-arm-64bit-Mach-O,3.13.5,3.0.7,8,Apple M3,1,Apple M3,46.7224,24.6869,16.0,machine,N,1.0
2025-10-09T13:10:57,codecarbon,a6190d8e-f428-4383-a0da-cc45cf21c253,5b0fa12a-3dd7-45bb-9766-cc326314d9f1,27.890888958005235,5.239496363631707e-05,1.8785691526436157e-06,1.7366000000000004,0.0,3.0,9.272152946002965e-06,4.689818604786811e-05,1.796043465253509e-05,7.413077364640617e-05,Saudi Arabia,SAU,riyadh region,,,macOS-15.6.1-arm64-arm-64bit-Mach-O,3.13.5,3.0.7,8,Apple M3,1,Apple M3,46.7224,24.6869,16.0,machine,N,1.0
2025-10-09T13:12:02,codecarbon,e2cac3cb-8da4-4bba-9dbe-6c14342fa1a3,5b0fa12a-3dd7-45bb-9766-cc326314d9f1,62.99046095798258,0.0001327274354672,2.1071037336236848e-06,0.5055000000000001,0.0,3.0,1.7105400143427114e-05,0.0001285454498683,4.213795243083344e-05,0.0001877888024426,Saudi Arabia,SAU,riyadh region,,,macOS-15.6.1-arm64-arm-64bit-Mach-O,3.13.5,3.0.7,8,Apple M3,1,Apple M3,46.7224,24.6869,16.0,machine,N,1.0
2025-10-09T13:13:37,codecarbon,fd77f443-3b33-4a6d-b162-0db67b5c7624,5b0fa12a-3dd7-45bb-9766-cc326314d9f1,89.99466583301546,0.0002026427720955,2.25171981272271e-06,0.3202999999999999,0.0,3.0,1.614908450437834e-05,0.000211867544729,5.869156611079234e-05,0.0002867081953442,Saudi Arabia,SAU,riyadh region,,,macOS-15.6.1-arm64-arm-64bit-Mach-O,3.13.5,3.0.7,8,Apple M3,1,Apple M3,46.7224,24.6869,16.0,machine,N,1.0
2025-10-09T13:14:17,codecarbon,407b773d-acf0-4360-a266-a848cc3cc715,5b0fa12a-3dd7-45bb-9766-cc326314d9f1,37.3808894159738,8.453879157442542e-05,2.2615510999130975e-06,0.7373,0.0,3.0,6.8873631850343236e-06,9.001868340532967e-05,2.2703274374992665e-05,0.0001196093209653,Saudi Arabia,SAU,riyadh region,,,macOS-15.6.1-arm64-arm-64bit-Mach-O,3.13.5,3.0.7,8,Apple M3,1,Apple M3,46.7224,24.6869,16.0,machine,N,1.0
2025-10-09T13:14:51,codecarbon,e81ba917-f3f5-478b-a5a5-ac9685342514,5b0fa12a-3dd7-45bb-9766-cc326314d9f1,30.274455000006128,5.1242649022811936e-05,1.692603517480383e-06,0.6204000000000001,0.0,3.0,3.5310627434360183e-06,4.941596153806797e-05,1.955340232666155e-05,7.250042660816554e-05,Saudi Arabia,SAU,riyadh region,,,macOS-15.6.1-arm64-arm-64bit-Mach-O,3.13.5,3.0.7,8,Apple M3,1,Apple M3,46.7224,24.6869,16.0,machine,N,1.0
2025-10-09T13:15:21,codecarbon,5b42637f-9a7f-4ea2-9e66-68dd5c9191ca,5b0fa12a-3dd7-45bb-9766-cc326314d9f1,25.57800295803463,2.8671931851303576e-07,1.120960533875342e-08,0.3304,0.0009,3.0,7.788499703311459e-06,4.928881194077926e-05,1.5742974201663553e-05,7.282028584575428e-05,Canada,CAN,quebec,,,macOS-15.6.1-arm64-arm-64bit-Mach-O,3.13.5,3.0.7,8,Apple M3,1,Apple M3,-71.2,46.8,16.0,machine,N,1.0
2025-10-09T13:16:18,codecarbon,d46e197f-b44e-4afa-9612-e40764d363c4,5b0fa12a-3dd7-45bb-9766-cc326314d9f1,41.97310170897981,5.205257277003842e-07,1.2401412011660362e-08,0.2842,0.0,3.0,1.3206368896515869e-05,9.217163880589736e-05,2.68238700008078e-05,0.0001322018777032,Canada,CAN,quebec,,,macOS-15.6.1-arm64-arm-64bit-Mach-O,3.13.5,3.0.7,8,Apple M3,1,Apple M3,-71.2,46.8,16.0,machine,N,1.0
2025-10-09T13:16:47,codecarbon,d385fccb-fef1-4475-af9c-b6c9d82f929c,5b0fa12a-3dd7-45bb-9766-cc326314d9f1,25.13909616699675,2.535278549155947e-07,1.0085002787348916e-08,0.6402000000000001,0.0075,3.0,2.431827591776873e-06,4.6569748882926016e-05,1.5388820937514537e-05,6.439039741221742e-05,Canada,CAN,quebec,,,macOS-15.6.1-arm64-arm-64bit-Mach-O,3.13.5,3.0.7,8,Apple M3,1,Apple M3,-71.2,46.8,16.0,machine,N,1.0
2025-10-09T13:17:18,codecarbon,69498615-4683-4445-a579-58b2f2c22b69,5b0fa12a-3dd7-45bb-9766-cc326314d9f1,26.42883599997731,4.645498973773529e-05,1.757738772066056e-06,0.2880999999999999,0.0,3.0,2.0836723702512554e-06,4.705107697433098e-05,1.6591879514210936e-05,6.572662885879318e-05,Saudi Arabia,SAU,riyadh region,,,macOS-15.6.1-arm64-arm-64bit-Mach-O,3.13.5,3.0.7,8,Apple M3,1,Apple M3,46.7224,24.6869,16.0,machine,N,1.0
2025-10-09T13:17:48,codecarbon,00f6f8af-43da-4a8b-880a-eb12092ebe07,5b0fa12a-3dd7-45bb-9766-cc326314d9f1,27.185838042001706,4.857344569150092e-05,1.786718717902155e-06,1.1908,0.0,3.0,3.716857632077066e-06,4.783712796513121e-05,1.716993093752535e-05,6.872391653473363e-05,Saudi Arabia,SAU,riyadh region,,,macOS-15.6.1-arm64-arm-64bit-Mach-O,3.13.5,3.0.7,8,Apple M3,1,Apple M3,46.7224,24.6869,16.0,machine,N,1.0
2025-10-09T13:18:19,codecarbon,32c2d57b-048b-42c2-977f-25f3ce7d4329,5b0fa12a-3dd7-45bb-9766-cc326314d9f1,26.710695834015496,4.4877650635346426e-05,1.6801378337061404e-06,0.3302,0.0038,3.0,3.3396971563831293e-06,4.3633243078209695e-05,1.6521997640035504e-05,6.349493787462831e-05,Saudi Arabia,SAU,riyadh region,,,macOS-15.6.1-arm64-arm-64bit-Mach-O,3.13.5,3.0.7,8,Apple M3,1,Apple M3,46.7224,24.6869,16.0,machine,N,1.0
2025-10-09T13:18:53,codecarbon,d8c96fa1-5497-40e0-9e1d-1298479c057f,5b0fa12a-3dd7-45bb-9766-cc326314d9f1,32.32037762500113,5.15376902298261e-05,1.594588121085553e-06,0.6753000000000001,0.0,3.0,4.183752887556044e-06,4.766607836137543e-05,2.106803305582919e-05,7.291786430476066e-05,Saudi Arabia,SAU,riyadh region,,,macOS-15.6.1-arm64-arm-64bit-Mach-O,3.13.5,3.0.7,8,Apple M3,1,Apple M3,46.7224,24.6869,16.0,machine,N,1.0
2025-10-09T13:21:17,codecarbon,f980898f-689d-4ff0-9515-f50cfd6cd6a3,5b0fa12a-3dd7-45bb-9766-cc326314d9f1,28.60813629097538,5.2408743944984857e-05,1.8319524002518656e-06,0.7976000000000001,0.0,3.0,7.644517750233386e-06,4.777298897922251e-05,1.873276392337478e-05,7.415027065283069e-05,Saudi Arabia,SAU,riyadh region,,,macOS-15.6.1-arm64-arm-64bit-Mach-O,3.13.5,3.0.7,8,Apple M3,1,Apple M3,46.7224,24.6869,16.0,machine,N,1.0
2025-10-09T13:22:22,codecarbon,aac911ce-57fd-4c10-a5bc-c04b55700542,5b0fa12a-3dd7-45bb-9766-cc326314d9f1,61.31134249997558,0.0001331955356216,2.1724452636421748e-06,2.8957,0.0047,3.0,1.5097461807134931e-05,0.0001327714587047,4.058217128413768e-05,0.000188451091796,Saudi Arabia,SAU,riyadh region,,,macOS-15.6.1-arm64-arm-64bit-Mach-O,3.13.5,3.0.7,8,Apple M3,1,Apple M3,46.7224,24.6869,16.0,machine,N,1.0
2025-10-09T13:23:32,codecarbon,9a0eeb2f-8699-4ce9-8a33-ba0aa6e390a6,5b0fa12a-3dd7-45bb-9766-cc326314d9f1,65.23511016601697,7.255186357156286e-07,1.1121597462919196e-08,0.5201,0.0075,3.0,1.5163050616452096e-05,0.0001160292718659,5.307316305663941e-05,0.000184265485539,Canada,CAN,quebec,,,macOS-15.6.1-arm64-arm-64bit-Mach-O,3.13.5,3.0.7,8,Apple M3,1,Apple M3,-71.2,46.8,16.0,machine,N,1.0
2025-10-09T13:24:10,codecarbon,3859535c-b718-459d-8389-557a9d743cbd,5b0fa12a-3dd7-45bb-9766-cc326314d9f1,34.19471875001909,7.078809582153202e-05,2.070147040513164e-06,2.2978888888888886,0.0094545454545454,3.0,1.9691441121409696e-05,4.767499465850471e-05,3.2787776457553265e-05,0.0001001542122374,Saudi Arabia,SAU,riyadh region,,,macOS-15.6.1-arm64-arm-64bit-Mach-O,3.13.5,3.0.7,8,Apple M3,1,Apple M3,46.7224,24.6869,16.0,machine,N,1.0
2025-10-09T13:24:56,codecarbon,5aa77f9d-d1a5-40e0-b570-06da11e7653a,5b0fa12a-3dd7-45bb-9766-cc326314d9f1,42.9907015839708,8.257496055533417e-05,1.9207632700305235e-06,2.5119,0.0,3.0,7.381509240204051e-06,8.232542890621135e-05,2.712386552161964e-05,0.000116830803668,Saudi Arabia,SAU,riyadh region,,,macOS-15.6.1-arm64-arm-64bit-Mach-O,3.13.5,3.0.7,8,Apple M3,1,Apple M3,46.7224,24.6869,16.0,machine,N,1.0
2025-10-09T13:25:27,codecarbon,3a162a28-9fda-42bf-aac9-834f4266a421,5b0fa12a-3dd7-45bb-9766-cc326314d9f1,26.364367457979824,4.734362939944087e-05,1.7957430412430074e-06,3.0139000000000005,0.0,3.0,5.474308987056927e-06,4.517006324052351e-05,1.633954437498081e-05,6.698391660256125e-05,Saudi Arabia,SAU,riyadh region,,,macOS-15.6.1-arm64-arm-64bit-Mach-O,3.13.5,3.0.7,8,Apple M3,1,Apple M3,46.7224,24.6869,16.0,machine,N,1.0
2025-10-09T13:26:09,codecarbon,e88cbcdb-1930-43cb-af89-39ae54db3e83,5b0fa12a-3dd7-45bb-9766-cc326314d9f1,38.21638066601008,4.198481165624741e-07,1.0986077416166464e-08,0.3587,0.0,3.0,3.4349891801595533e-06,8.025854572449988e-05,2.293848423670473e-05,0.0001066320191413,Canada,CAN,quebec,,,macOS-15.6.1-arm64-arm-64bit-Mach-O,3.13.5,3.0.7,8,Apple M3,1,Apple M3,-71.2,46.8,16.0,machine,N,1.0
2025-10-09T13:26:39,codecarbon,70d77e1e-379f-4f63-903f-2241978d0c27,5b0fa12a-3dd7-45bb-9766-cc326314d9f1,25.927349374978803,4.743864220409294e-05,1.829675741935796e-06,1.1969,0.0,3.0,5.5824360387826896e-06,4.542790458485923e-05,1.6108004409179557e-05,6.711834503282149e-05,Saudi Arabia,SAU,riyadh region,,,macOS-15.6.1-arm64-arm-64bit-Mach-O,3.13.5,3.0.7,8,Apple M3,1,Apple M3,46.7224,24.6869,16.0,machine,N,1.0
2025-10-09T13:27:11,codecarbon,c5f5c59f-7a21-4142-8359-54c2eca3b28c,5b0fa12a-3dd7-45bb-9766-cc326314d9f1,29.660923457995523,4.7444631590077135e-05,1.5995669068519092e-06,0.9645,0.0,3.0,3.072332169288454e-06,4.517609778711717e-05,1.887838913166585e-05,6.712681908807148e-05,Saudi Arabia,SAU,riyadh region,,,macOS-15.6.1-arm64-arm-64bit-Mach-O,3.13.5,3.0.7,8,Apple M3,1,Apple M3,46.7224,24.6869,16.0,machine,N,1.0
2025-10-09T13:27:39,codecarbon,d7220938-1601-4fa6-b10e-8bdbda36e179,5b0fa12a-3dd7-45bb-9766-cc326314d9f1,23.54161962500075,4.4840222557668174e-05,1.9047212244500255e-06,0.4075,0.0,3.0,1.8145121264741789e-06,4.731878149767718e-05,1.430868930668415e-05,6.344198293083552e-05,Saudi Arabia,SAU,riyadh region,,,macOS-15.6.1-arm64-arm-64bit-Mach-O,3.13.5,3.0.7,8,Apple M3,1,Apple M3,46.7224,24.6869,16.0,machine,N,1.0
2025-10-09T13:28:13,codecarbon,d2044c9b-4ecd-4272-a1b3-4b939948a5a7,5b0fa12a-3dd7-45bb-9766-cc326314d9f1,31.89797112502856,5.366793264458538e-05,1.6824873417254783e-06,1.9684000000000004,0.0,3.0,9.814970892050136e-06,4.5383045927968245e-05,2.0733811180883396e-05,7.593182800090179e-05,Saudi Arabia,SAU,riyadh region,,,macOS-15.6.1-arm64-arm-64bit-Mach-O,3.13.5,3.0.7,8,Apple M3,1,Apple M3,46.7224,24.6869,16.0,machine,N,1.0
2025-10-09T13:29:01,codecarbon,83b55b66-b484-4bf9-a4ad-c50970ee1c07,5b0fa12a-3dd7-45bb-9766-cc326314d9f1,44.08528783300426,7.576630332361387e-05,1.718630115575468e-06,2.8236999999999997,0.0,3.0,1.366065611169074e-05,6.500500893060634e-05,2.853194121416891e-05,0.0001071976062564,Saudi Arabia,SAU,riyadh region,,,macOS-15.6.1-arm64-arm-64bit-Mach-O,3.13.5,3.0.7,8,Apple M3,1,Apple M3,46.7224,24.6869,16.0,machine,N,1.0
2025-10-09T13:29:31,codecarbon,c451a24d-d47e-47d4-bbce-e416295f858a,5b0fa12a-3dd7-45bb-9766-cc326314d9f1,27.37307091697585,4.6226424500961496e-05,1.6887555160021684e-06,0.4672,0.001,3.0,5.246398950366785e-06,4.3073128731347914e-05,1.7083716701648277e-05,6.540324438336296e-05,Saudi Arabia,SAU,riyadh region,,,macOS-15.6.1-arm64-arm-64bit-Mach-O,3.13.5,3.0.7,8,Apple M3,1,Apple M3,46.7224,24.6869,16.0,machine,N,1.0
2025-10-09T13:30:11,codecarbon,f6a1eb91-2999-4624-ba8f-5c2655b067ae,5b0fa12a-3dd7-45bb-9766-cc326314d9f1,35.36969279201003,5.186346663079221e-05,1.466325052235345e-06,0.5347999999999999,0.0,3.0,8.722560615271198e-06,3.0281318879141896e-05,3.437490805493629e-05,7.337878754934938e-05,Saudi Arabia,SAU,riyadh region,,,macOS-15.6.1-arm64-arm-64bit-Mach-O,3.13.5,3.0.7,8,Apple M3,1,Apple M3,46.7224,24.6869,16.0,machine,N,1.0
2025-10-09T13:30:43,codecarbon,c868abf5-0bd7-495c-ad15-f8ceb972ecc3,5b0fa12a-3dd7-45bb-9766-cc326314d9f1,28.78942979197018,4.226740960512828e-05,1.4681572337676977e-06,1.9930000000000003,0.0038,3.0,6.08030651064373e-06,3.4875693658099704e-05,1.8845850173335445e-05,5.980185034207888e-05,Saudi Arabia,SAU,riyadh region,,,macOS-15.6.1-arm64-arm-64bit-Mach-O,3.13.5,3.0.7,8,Apple M3,1,Apple M3,46.7224,24.6869,16.0,machine,N,1.0
2025-10-09T13:31:21,codecarbon,57c4a491-3e98-40a5-9ae0-d418126e190a,5b0fa12a-3dd7-45bb-9766-cc326314d9f1,33.567005457996856,7.062675864524593e-05,2.1040530032868966e-06,4.6145,0.0209,3.0,2.4071810913943064e-05,4.3171381764818e-05,3.2682752395873344e-05,9.99259450746344e-05,Saudi Arabia,SAU,riyadh region,,,macOS-15.6.1-arm64-arm-64bit-Mach-O,3.13.5,3.0.7,8,Apple M3,1,Apple M3,46.7224,24.6869,16.0,machine,N,1.0
2025-10-09T13:31:54,codecarbon,f85868c5-b6f6-477d-87f6-a4095918277d,5b0fa12a-3dd7-45bb-9766-cc326314d9f1,29.998731250001583,2.7548521356079297e-07,9.183228826078385e-09,2.8145,0.0038,3.0,9.14131533631163e-06,4.110871502850268e-05,1.971704440996594e-05,6.996707477478024e-05,Canada,CAN,quebec,,,macOS-15.6.1-arm64-arm-64bit-Mach-O,3.13.5,3.0.7,8,Apple M3,1,Apple M3,-71.2,46.8,16.0,machine,N,1.0
2025-10-09T13:38:32,codecarbon,c619098d-47c0-43c2-ac31-afe2e1f8509f,5b0fa12a-3dd7-45bb-9766-cc326314d9f1,33.88487379101571,4.3824135087106937e-07,1.2933244301687954e-08,1.7013999999999996,0.0019,3.0,2.9495290403228545e-05,4.86452685807824e-05,3.3162929756702704e-05,0.0001113034887407,Canada,CAN,quebec,,,macOS-15.6.1-arm64-arm-64bit-Mach-O,3.13.5,3.0.7,8,Apple M3,1,Apple M3,-71.2,46.8,16.0,machine,N,1.0
2025-10-09T13:39:19,codecarbon,b2186459-6d44-49ca-b15c-fd7bda457b8a,5b0fa12a-3dd7-45bb-9766-cc326314d9f1,44.44035900000017,9.018348386244172e-05,2.029314926606272e-06,0.3719,0.0,3.0,5.7750060196001174e-06,9.2578026659626e-05,2.924265524328803e-05,0.0001275956879225,Saudi Arabia,SAU,riyadh region,,,macOS-15.6.1-arm64-arm-64bit-Mach-O,3.13.5,3.0.7,8,Apple M3,1,Apple M3,46.7224,24.6869,16.0,machine,N,1.0
2025-10-09T13:40:25,codecarbon,4f358c74-7129-48fc-bb63-f7efeee9ec5a,5b0fa12a-3dd7-45bb-9766-cc326314d9f1,61.73206104198471,0.0001151560854572,1.8654177993336387e-06,1.2935,0.0,3.0,8.592735752791491e-06,0.0001141162755782,4.021904725663868e-05,0.0001629280585877,Saudi Arabia,SAU,riyadh region,,,macOS-15.6.1-arm64-arm-64bit-Mach-O,3.13.5,3.0.7,8,Apple M3,1,Apple M3,46.7224,24.6869,16.0,machine,N,1.0
2025-10-09T13:41:03,codecarbon,deee5ca5-17b4-4308-95b0-75c7eba3dfd9,5b0fa12a-3dd7-45bb-9766-cc326314d9f1,35.12123991595581,6.192680642027188e-05,1.763229503527241e-06,0.8691,0.0056,3.0,7.76651506588916e-06,4.652743141621629e-05,3.332291114663046e-05,8.761685762873591e-05,Saudi Arabia,SAU,riyadh region,,,macOS-15.6.1-arm64-arm-64bit-Mach-O,3.13.5,3.0.7,8,Apple M3,1,Apple M3,46.7224,24.6869,16.0,machine,N,1.0
2025-10-09T13:42:03,codecarbon,f8226f97-3ffd-43f4-8045-150d5b13bc05,5b0fa12a-3dd7-45bb-9766-cc326314d9f1,56.131240333023015,0.0001150527006017,2.049708859436592e-06,2.1615,0.0182,3.0,1.45556524301276e-05,0.0001136947425704,3.453138999917428e-05,0.0001627817849997,Saudi Arabia,SAU,riyadh region,,,macOS-15.6.1-arm64-arm-64bit-Mach-O,3.13.5,3.0.7,8,Apple M3,1,Apple M3,46.7224,24.6869,16.0,machine,N,1.0
2025-10-09T13:42:41,codecarbon,ccf62c40-05a7-4dcd-8de3-7677f0f8e365,5b0fa12a-3dd7-45bb-9766-cc326314d9f1,34.89981979195727,6.205750685703626e-05,1.7781612405728676e-06,0.289,0.0018,3.0,9.962503762201654e-06,4.479621203583923e-05,3.304306274333309e-05,8.780177854137397e-05,Saudi Arabia,SAU,riyadh region,,,macOS-15.6.1-arm64-arm-64bit-Mach-O,3.13.5,3.0.7,8,Apple M3,1,Apple M3,46.7224,24.6869,16.0,machine,N,1.0
2025-10-09T13:43:23,codecarbon,9726ac25-ec80-4648-bd3f-8328284741f6,5b0fa12a-3dd7-45bb-9766-cc326314d9f1,38.073720125015825,7.175918612643493e-05,1.884743226845504e-06,0.975,0.043,3.0,6.741640186632983e-06,7.094153581922963e-05,2.38449788891982e-05,0.000101528154895,Saudi Arabia,SAU,riyadh region,,,macOS-15.6.1-arm64-arm-64bit-Mach-O,3.13.5,3.0.7,8,Apple M3,1,Apple M3,46.7224,24.6869,16.0,machine,N,1.0
2025-10-09T13:44:07,codecarbon,ea015384-25be-4c76-af8b-3ec9bf0e9608,5b0fa12a-3dd7-45bb-9766-cc326314d9f1,40.69466233300045,6.987367891268238e-05,1.7170231894520437e-06,2.268,0.0084,3.0,9.75116101549639e-06,6.353570974260794e-05,2.5573582915870552e-05,9.886045367397488e-05,Saudi Arabia,SAU,riyadh region,,,macOS-15.6.1-arm64-arm-64bit-Mach-O,3.13.5,3.0.7,8,Apple M3,1,Apple M3,46.7224,24.6869,16.0,machine,N,1.0
2025-10-09T13:44:47,codecarbon,4fb282f1-0b8b-4953-9fd7-026693734e23,5b0fa12a-3dd7-45bb-9766-cc326314d9f1,31.22045750002144,2.808700612086861e-07,8.996346745030663e-09,4.025999999999999,0.0237,3.0,2.4547385255672688e-05,2.6034325020120184e-05,2.075299520831322e-05,7.13347054841061e-05,Canada,CAN,quebec,,,macOS-15.6.1-arm64-arm-64bit-Mach-O,3.13.5,3.0.7,8,Apple M3,1,Apple M3,-71.2,46.8,16.0,machine,N,1.0
2025-10-09T13:45:28,codecarbon,66bd4653-ed9d-425d-8d3a-bbe09a73d30b,5b0fa12a-3dd7-45bb-9766-cc326314d9f1,37.66568720899522,7.3202279852497e-05,1.943473895652567e-06,2.2182,0.0131,3.0,1.2875796136975545e-05,6.83095896072939e-05,2.2384523680860487e-05,0.0001035699094251,Saudi Arabia,SAU,riyadh region,,,macOS-15.6.1-arm64-arm-64bit-Mach-O,3.13.5,3.0.7,8,Apple M3,1,Apple M3,46.7224,24.6869,16.0,machine,N,1.0
2025-10-09T13:46:17,codecarbon,cd31fbfa-5fef-41d4-89f7-fd113c4169d4,5b0fa12a-3dd7-45bb-9766-cc326314d9f1,38.71335662499769,3.875118450294109e-07,1.0009771273080201e-08,2.0044999999999997,0.0144,3.0,1.3751487601017405e-05,6.135769076006013e-05,2.3310151979142875e-05,9.84193303402204e-05,Canada,CAN,quebec,,,macOS-15.6.1-arm64-arm-64bit-Mach-O,3.13.5,3.0.7,8,Apple M3,1,Apple M3,-71.2,46.8,16.0,machine,N,1.0
2025-10-09T13:46:59,codecarbon,27f318ba-0295-4e79-8daa-a791396cfa17,5b0fa12a-3dd7-45bb-9766-cc326314d9f1,38.787491041992325,6.325211305779062e-05,1.6307348415320877e-06,2.6956,0.0653,3.0,1.1607399867676662e-05,5.4054751492427485e-05,2.382981027748126e-05,8.94919616375854e-05,Saudi Arabia,SAU,riyadh region,,,macOS-15.6.1-arm64-arm-64bit-Mach-O,3.13.5,3.0.7,8,Apple M3,1,Apple M3,46.7224,24.6869,16.0,machine,N,1.0
2025-10-09T13:47:36,codecarbon,ceeba84b-1c6d-470c-b9be-addd1bb3e837,5b0fa12a-3dd7-45bb-9766-cc326314d9f1,31.721185375005007,3.9770952194373066e-05,1.2537662676915896e-06,1.9738000000000004,0.0218,3.0,7.932832459121015e-06,2.7070403942617325e-05,2.126651263917059e-05,5.626974904090893e-05,Saudi Arabia,SAU,riyadh region,,,macOS-15.6.1-arm64-arm-64bit-Mach-O,3.13.5,3.0.7,8,Apple M3,1,Apple M3,46.7224,24.6869,16.0,machine,N,1.0
2025-10-09T13:48:18,codecarbon,0d338332-f1ae-476f-86bc-3d355981d97e,5b0fa12a-3dd7-45bb-9766-cc326314d9f1,39.84003129199846,5.772491516569429e-05,1.4489174153155814e-06,1.2155,0.0104,3.0,9.886138241899202e-06,4.779928135154652e-05,2.398641149338801e-05,8.167183108683371e-05,Saudi Arabia,SAU,riyadh region,,,macOS-15.6.1-arm64-arm-64bit-Mach-O,3.13.5,3.0.7,8,Apple M3,1,Apple M3,46.7224,24.6869,16.0,machine,N,1.0
2025-10-09T13:48:48,codecarbon,59c97efb-50be-4d7a-99ae-62ec1f45873b,5b0fa12a-3dd7-45bb-9766-cc326314d9f1,24.47574554203311,1.769068077189953e-07,7.227841432457559e-09,0.3977,0.0153,3.0,4.3818719328985814e-06,2.5258701316220193e-05,1.5289794097479896e-05,4.4930367346598674e-05,Canada,CAN,quebec,,,macOS-15.6.1-arm64-arm-64bit-Mach-O,3.13.5,3.0.7,8,Apple M3,1,Apple M3,-71.2,46.8,16.0,machine,N,1.0
2025-10-09T13:49:13,codecarbon,e55028a1-0dc4-4f96-af6d-26888be38b24,5b0fa12a-3dd7-45bb-9766-cc326314d9f1,22.55663733399706,3.132742504857326e-05,1.388834008576136e-06,0.4145,0.2221999999999999,3.0,2.0167212228982473e-06,2.877083739093581e-05,1.3535904826664288e-05,4.4323463440498334e-05,Saudi Arabia,SAU,riyadh region,,,macOS-15.6.1-arm64-arm-64bit-Mach-O,3.13.5,3.0.7,8,Apple M3,1,Apple M3,46.7224,24.6869,16.0,machine,N,1.0
2025-10-09T13:49:56,codecarbon,a07d60f7-54e3-4ea3-aad4-ef6e9e2f28b1,5b0fa12a-3dd7-45bb-9766-cc326314d9f1,38.724996541976,6.30075274222021e-05,1.6270505629072177e-06,2.0416,0.0038,3.0,1.1731836075101389e-05,5.28317316444385e-05,2.458234305493534e-05,8.914591077447521e-05,Saudi Arabia,SAU,riyadh region,,,macOS-15.6.1-arm64-arm-64bit-Mach-O,3.13.5,3.0.7,8,Apple M3,1,Apple M3,46.7224,24.6869,16.0,machine,N,1.0
2025-10-09T14:08:52,codecarbon,c77288c2-f020-43e9-af9a-a4c14e576e5f,5b0fa12a-3dd7-45bb-9766-cc326314d9f1,24.030631874979008,5.015290933452185e-05,2.0870408067272537e-06,0.4717,0.0057,3.0,9.089681066667653e-06,4.704059877297383e-05,1.4828333575812091e-05,7.095861341545357e-05,Saudi Arabia,SAU,riyadh region,,,macOS-15.6.1-arm64-arm-64bit-Mach-O,3.13.5,3.0.7,8,Apple M3,1,Apple M3,46.7224,24.6869,16.0,machine,N,1.0
2025-10-09T14:09:51,codecarbon,12e71495-f130-4d5c-8001-103dbf42ea11,5b0fa12a-3dd7-45bb-9766-cc326314d9f1,56.59907587501221,0.0001227660506094,2.169046909539244e-06,0.199,0.0,3.0,1.2159026689119332e-05,0.0001247425762793,3.6793379861677146e-05,0.0001736949828301,Saudi Arabia,SAU,riyadh region,,,macOS-15.6.1-arm64-arm-64bit-Mach-O,3.13.5,3.0.7,8,Apple M3,1,Apple M3,46.7224,24.6869,16.0,machine,N,1.0
2025-10-09T14:11:17,codecarbon,b7089fd0-1442-4700-97d8-b769a9e3d8db,5b0fa12a-3dd7-45bb-9766-cc326314d9f1,81.55556645902107,0.0001960636572135,2.4040499714032227e-06,0.5736000000000001,0.0,3.0,1.583329632205229e-05,0.0002096489046256,5.1917563924216654e-05,0.0002773997648719,Saudi Arabia,SAU,riyadh region,,,macOS-15.6.1-arm64-arm-64bit-Mach-O,3.13.5,3.0.7,8,Apple M3,1,Apple M3,46.7224,24.6869,16.0,machine,N,1.0
2025-10-09T14:12:03,codecarbon,75f78392-6637-4b02-a9b2-cba9b53c5f3c,5b0fa12a-3dd7-45bb-9766-cc326314d9f1,44.03294837498106,8.943842174836466e-05,2.0311704087292593e-06,0.3633,0.0,3.0,1.091372463351725e-05,8.783450519740007e-05,2.779331038162733e-05,0.0001265415402125,Saudi Arabia,SAU,riyadh region,,,macOS-15.6.1-arm64-arm-64bit-Mach-O,3.13.5,3.0.7,8,Apple M3,1,Apple M3,46.7224,24.6869,16.0,machine,N,1.0
2025-10-09T14:12:39,codecarbon,fa01cbb7-902f-4010-836a-c9bf701b52d7,5b0fa12a-3dd7-45bb-9766-cc326314d9f1,31.063625250011683,5.253751877453489e-05,1.691287425459626e-06,0.7727999999999999,0.0547,3.0,7.952713502405502e-06,4.595802039733287e-05,2.0421733229207652e-05,7.433246712894602e-05,Saudi Arabia,SAU,riyadh region,,,macOS-15.6.1-arm64-arm-64bit-Mach-O,3.13.5,3.0.7,8,Apple M3,1,Apple M3,46.7224,24.6869,16.0,machine,N,1.0
2025-10-09T14:13:17,codecarbon,4d0fb5a7-731e-43b2-8dbd-e196be73349d,5b0fa12a-3dd7-45bb-9766-cc326314d9f1,34.69006024999544,7.052977172889009e-05,2.03314065241208e-06,0.8119,0.0077272727272727,3.0,1.9628933172951817e-05,4.721982506272637e-05,3.293996534581917e-05,9.978872358149736e-05,Saudi Arabia,SAU,riyadh region,,,macOS-15.6.1-arm64-arm-64bit-Mach-O,3.13.5,3.0.7,8,Apple M3,1,Apple M3,46.7224,24.6869,16.0,machine,N,1.0
2025-10-09T14:13:52,codecarbon,5eedf8e7-fd3e-417e-a425-8945ebbc2d87,5b0fa12a-3dd7-45bb-9766-cc326314d9f1,30.080582165974192,5.235366778213231e-05,1.7404472923184458e-06,1.7411,0.0,3.0,7.921241643515982e-06,4.637829135157305e-05,1.9772813401699145e-05,7.407234639678817e-05,Saudi Arabia,SAU,riyadh region,,,macOS-15.6.1-arm64-arm-64bit-Mach-O,3.13.5,3.0.7,8,Apple M3,1,Apple M3,46.7224,24.6869,16.0,machine,N,1.0
2025-10-09T14:14:18,codecarbon,a0a55d8e-5c68-40a4-aea8-43fdf6ef7487,5b0fa12a-3dd7-45bb-9766-cc326314d9f1,23.686344749992713,4.775965777536525e-05,2.0163371883447715e-06,0.8455999999999999,0.0,3.0,6.46796826871915e-06,4.681112896228267e-05,1.4293435208383016e-05,6.757253243938483e-05,Saudi Arabia,SAU,riyadh region,,,macOS-15.6.1-arm64-arm-64bit-Mach-O,3.13.5,3.0.7,8,Apple M3,1,Apple M3,46.7224,24.6869,16.0,machine,N,1.0
2025-10-09T14:14:49,codecarbon,2dcc82e1-ce40-4a52-aa4a-7a200acf6ec4,5b0fa12a-3dd7-45bb-9766-cc326314d9f1,26.945742000010796,4.90569029647387e-05,1.8205808904694124e-06,1.1897999999999995,0.0553,3.0,5.4610024828289355e-06,4.679867281272344e-05,1.714825854166217e-05,6.940793383721453e-05,Saudi Arabia,SAU,riyadh region,,,macOS-15.6.1-arm64-arm-64bit-Mach-O,3.13.5,3.0.7,8,Apple M3,1,Apple M3,46.7224,24.6869,16.0,machine,N,1.0
2025-10-09T14:15:22,codecarbon,db3dc2bd-bd21-4784-9e7a-2d01b8cab0a6,5b0fa12a-3dd7-45bb-9766-cc326314d9f1,29.133844500000123,4.918151872516333e-05,1.6881231972376018e-06,0.8812,0.0116,3.0,3.581872361107118e-06,4.716889292236023e-05,1.88334805900134e-05,6.958424587348074e-05,Saudi Arabia,SAU,riyadh region,,,macOS-15.6.1-arm64-arm-64bit-Mach-O,3.13.5,3.0.7,8,Apple M3,1,Apple M3,46.7224,24.6869,16.0,machine,N,1.0
2025-10-09T14:16:02,codecarbon,58e86b59-0418-479c-8ed2-b202561c12c9,5b0fa12a-3dd7-45bb-9766-cc326314d9f1,35.45428262499627,5.991970062085478e-05,1.6900553666430613e-06,0.6300999999999999,0.0029,3.0,1.3382303285119258e-05,3.7095786518775784e-05,3.4299023403339865e-05,8.477711320723492e-05,Saudi Arabia,SAU,riyadh region,,,macOS-15.6.1-arm64-arm-64bit-Mach-O,3.13.5,3.0.7,8,Apple M3,1,Apple M3,46.7224,24.6869,16.0,machine,N,1.0
2025-10-09T14:16:46,codecarbon,e1752c1c-37e6-4c77-83dc-0549d5e02b79,5b0fa12a-3dd7-45bb-9766-cc326314d9f1,41.36037004203536,7.001913657156772e-05,1.6929040165841333e-06,2.1677000000000004,0.0038,3.0,7.6025846977462146e-06,6.476538213259863e-05,2.6698286944204787e-05,9.906625377454964e-05,Saudi Arabia,SAU,riyadh region,,,macOS-15.6.1-arm64-arm-64bit-Mach-O,3.13.5,3.0.7,8,Apple M3,1,Apple M3,46.7224,24.6869,16.0,machine,N,1.0
2025-10-09T14:17:14,codecarbon,b8edfb1a-4374-406d-8a87-c10aa973b3f7,5b0fa12a-3dd7-45bb-9766-cc326314d9f1,23.98753141699126,3.6247020338061754e-05,1.5110775555831744e-06,1.0635,0.0,3.0,2.37127337404405e-06,3.401706481740622e-05,1.4895592048269463e-05,5.128393023971974e-05,Saudi Arabia,SAU,riyadh region,,,macOS-15.6.1-arm64-arm-64bit-Mach-O,3.13.5,3.0.7,8,Apple M3,1,Apple M3,46.7224,24.6869,16.0,machine,N,1.0
2025-10-09T14:17:49,codecarbon,3413d839-25c5-47d0-b596-588c107153ee,5b0fa12a-3dd7-45bb-9766-cc326314d9f1,33.43977079202887,6.853515151211486e-05,2.0495102056277184e-06,4.5482499999999995,0.0131,3.0,1.928647764999799e-05,4.549792233845005e-05,3.218224434080185e-05,9.696664432924987e-05,Saudi Arabia,SAU,riyadh region,,,macOS-15.6.1-arm64-arm-64bit-Mach-O,3.13.5,3.0.7,8,Apple M3,1,Apple M3,46.7224,24.6869,16.0,machine,N,1.0
2025-10-09T14:18:30,codecarbon,8a9690b4-6b83-46b6-bd36-12fc95d4577f,5b0fa12a-3dd7-45bb-9766-cc326314d9f1,36.066591708979104,6.120425940174396e-05,1.6969792958425458e-06,0.3539090909090909,0.0047,3.0,8.849571142537544e-06,4.277219106569409e-05,3.497280309005873e-05,8.659456529829037e-05,Saudi Arabia,SAU,riyadh region,,,macOS-15.6.1-arm64-arm-64bit-Mach-O,3.13.5,3.0.7,8,Apple M3,1,Apple M3,46.7224,24.6869,16.0,machine,N,1.0
2025-10-09T14:19:03,codecarbon,f7c64aee-e409-46e5-aad8-f7147a3d168f,5b0fa12a-3dd7-45bb-9766-cc326314d9f1,30.58112608297961,4.6198525710608245e-05,1.5106875261967783e-06,2.4542999999999995,0.0721,3.0,1.1931292528843948e-05,3.3242688546658625e-05,2.018979083247056e-05,6.536377190797313e-05,Saudi Arabia,SAU,riyadh region,,,macOS-15.6.1-arm64-arm-64bit-Mach-O,3.13.5,3.0.7,8,Apple M3,1,Apple M3,46.7224,24.6869,16.0,machine,N,1.0
2025-10-09T14:19:40,codecarbon,9269fc1e-38df-4907-bf4e-21137a20eea6,5b0fa12a-3dd7-45bb-9766-cc326314d9f1,32.91300008300459,3.78489993910082e-05,1.1499711146220437e-06,1.1914,0.0,3.0,1.0494610323871643e-05,2.094335022502474e-05,2.2112522395861257e-05,5.3550482944757645e-05,Saudi Arabia,SAU,riyadh region,,,macOS-15.6.1-arm64-arm-64bit-Mach-O,3.13.5,3.0.7,8,Apple M3,1,Apple M3,46.7224,24.6869,16.0,machine,N,1.0
2025-10-09T14:22:29,codecarbon,eed1e145-f1c2-4de0-b627-01b26f97accd,5b0fa12a-3dd7-45bb-9766-cc326314d9f1,27.48175504099345,5.007556801527021e-05,1.8221386494630515e-06,0.6449999999999999,0.0009,3.0,3.4831847577627528e-06,4.973808823736619e-05,1.7627914410016577e-05,7.084918740514552e-05,Saudi Arabia,SAU,riyadh region,,,macOS-15.6.1-arm64-arm-64bit-Mach-O,3.13.5,3.0.7,8,Apple M3,1,Apple M3,46.7224,24.6869,16.0,machine,N,1.0
2025-10-09T14:23:48,codecarbon,8b5dfd0f-9b50-4200-97b2-253346e8cfa9,5b0fa12a-3dd7-45bb-9766-cc326314d9f1,74.62236162502086,0.0001630982993988,2.185649125102681e-06,0.2661,0.0047,3.0,1.5830489085047678e-05,0.0001670471933344,4.7881197360838993e-05,0.0002307588797803,Saudi Arabia,SAU,riyadh region,,,macOS-15.6.1-arm64-arm-64bit-Mach-O,3.13.5,3.0.7,8,Apple M3,1,Apple M3,46.7224,24.6869,16.0,machine,N,1.0
2025-10-09T14:25:04,codecarbon,40b64154-033e-4c4e-93d0-cbabb42614f6,5b0fa12a-3dd7-45bb-9766-cc326314d9f1,73.47189491702011,0.0001096858526516,1.4928953823162623e-06,1.1841000000000002,0.0019,3.0,1.2122790032020106e-05,9.599113746927072e-05,4.707459732662149e-05,0.0001551885248279,Saudi Arabia,SAU,riyadh region,,,macOS-15.6.1-arm64-arm-64bit-Mach-O,3.13.5,3.0.7,8,Apple M3,1,Apple M3,46.7224,24.6869,16.0,machine,N,1.0
2025-10-09T14:25:57,codecarbon,9ed6bea8-c829-4825-9919-c20a9fee270f,5b0fa12a-3dd7-45bb-9766-cc326314d9f1,48.56643554195762,7.995190311328063e-05,1.6462378229139015e-06,4.191666666666666,0.0097,3.0,2.294019871051965e-05,4.781978803766494e-05,4.2359596145882576e-05,0.000113119582894,Saudi Arabia,SAU,riyadh region,,,macOS-15.6.1-arm64-arm-64bit-Mach-O,3.13.5,3.0.7,8,Apple M3,1,Apple M3,46.7224,24.6869,16.0,machine,N,1.0
2025-10-09T14:26:41,codecarbon,a5c69d87-25de-4db5-b520-f53784e7f856,5b0fa12a-3dd7-45bb-9766-cc326314d9f1,40.58467070903862,5.441918409141008e-05,1.340880266875995e-06,0.2402,0.0085,3.0,4.292615567479355e-06,4.6718757127371705e-05,2.5983359965030102e-05,7.699473265988117e-05,Saudi Arabia,SAU,riyadh region,,,macOS-15.6.1-arm64-arm-64bit-Mach-O,3.13.5,3.0.7,8,Apple M3,1,Apple M3,46.7224,24.6869,16.0,machine,N,1.0
2025-10-09T14:27:17,codecarbon,e0f486ec-17f1-4c56-b10b-a12d29ffbdd2,5b0fa12a-3dd7-45bb-9766-cc326314d9f1,31.263780375011265,3.212578706937285e-05,1.027572055715008e-06,0.2598,0.0,3.0,2.8687967362946688e-06,2.1915049084065726e-05,2.066917645832291e-05,4.5453022278683306e-05,Saudi Arabia,SAU,riyadh region,,,macOS-15.6.1-arm64-arm-64bit-Mach-O,3.13.5,3.0.7,8,Apple M3,1,Apple M3,46.7224,24.6869,16.0,machine,N,1.0
2025-10-09T14:28:06,codecarbon,7afadc73-e936-4d1e-8c79-51692c563e06,5b0fa12a-3dd7-45bb-9766-cc326314d9f1,46.754300125001464,4.5779988736205414e-05,9.791610314732304e-07,0.6095,0.0,3.0,6.292761042986028e-06,2.752615404740258e-05,3.09526917017259e-05,6.477160679211451e-05,Saudi Arabia,SAU,riyadh region,,,macOS-15.6.1-arm64-arm-64bit-Mach-O,3.13.5,3.0.7,8,Apple M3,1,Apple M3,46.7224,24.6869,16.0,machine,N,1.0
2025-10-09T14:28:42,codecarbon,b49f08e7-647e-447a-a7c1-1e0b3f6ae585,5b0fa12a-3dd7-45bb-9766-cc326314d9f1,31.007847125001717,4.0865085624654986e-05,1.317894965745795e-06,0.5171,0.0289,3.0,1.1645826822810606e-05,2.5559810418130184e-05,2.061214145835644e-05,5.781777869929722e-05,Saudi Arabia,SAU,riyadh region,,,macOS-15.6.1-arm64-arm-64bit-Mach-O,3.13.5,3.0.7,8,Apple M3,1,Apple M3,46.7224,24.6869,16.0,machine,N,1.0
2025-10-09T14:29:10,codecarbon,3cffe05d-1571-4c92-b27b-b04023ea2e46,5b0fa12a-3dd7-45bb-9766-cc326314d9f1,26.087176667002495,3.4352584001619395e-05,1.316837940729391e-06,2.9751,0.0346999999999999,3.0,6.651957442876793e-06,2.605160980997119e-05,1.5900028437560344e-05,4.860359569040833e-05,Saudi Arabia,SAU,riyadh region,,,macOS-15.6.1-arm64-arm-64bit-Mach-O,3.13.5,3.0.7,8,Apple M3,1,Apple M3,46.7224,24.6869,16.0,machine,N,1.0
2025-10-09T14:29:40,codecarbon,c1bfed40-286b-4cdf-abac-13e336e8b791,5b0fa12a-3dd7-45bb-9766-cc326314d9f1,25.92204054200556,3.472868914038779e-05,1.339735931826487e-06,2.5691999999999995,0.549,3.0,5.388944245708011e-06,2.744450755946482e-05,1.63022745133397e-05,4.913572631851253e-05,Saudi Arabia,SAU,riyadh region,,,macOS-15.6.1-arm64-arm-64bit-Mach-O,3.13.5,3.0.7,8,Apple M3,1,Apple M3,46.7224,24.6869,16.0,machine,N,1.0
2025-10-09T14:30:39,codecarbon,953f8ca7-650c-46c0-ba3e-90a170bd544f,5b0fa12a-3dd7-45bb-9766-cc326314d9f1,56.28955583303468,8.434637267744366e-05,1.498437346488054e-06,0.5456000000000001,0.001,3.0,1.487636013448284e-05,6.79829419707901e-05,3.647777586748513e-05,0.0001193370779727,Saudi Arabia,SAU,riyadh region,,,macOS-15.6.1-arm64-arm-64bit-Mach-O,3.13.5,3.0.7,8,Apple M3,1,Apple M3,46.7224,24.6869,16.0,machine,N,1.0
2025-10-09T14:31:27,codecarbon,2ae665b1-54b3-486b-a5e7-8356ca3d4e0e,5b0fa12a-3dd7-45bb-9766-cc326314d9f1,43.35851804201957,6.472826345105571e-05,1.492861526962852e-06,1.121,0.0009,3.0,1.5336937026477857e-05,4.790935022241205e-05,2.833419899252476e-05,9.158048624141466e-05,Saudi Arabia,SAU,riyadh region,,,macOS-15.6.1-arm64-arm-64bit-Mach-O,3.13.5,3.0.7,8,Apple M3,1,Apple M3,46.7224,24.6869,16.0,machine,N,1.0
2025-10-09T14:32:21,codecarbon,ddf46006-c6b0-4d87-97e8-08a3465fffc0,5b0fa12a-3dd7-45bb-9766-cc326314d9f1,51.08811266598059,7.417990134322934e-05,1.451999251337102e-06,0.6795,0.0,3.0,2.3747881662087987e-05,3.6892221246431446e-05,4.4312989792476095e-05,0.0001049530927009,Saudi Arabia,SAU,riyadh region,,,macOS-15.6.1-arm64-arm-64bit-Mach-O,3.13.5,3.0.7,8,Apple M3,1,Apple M3,46.7224,24.6869,16.0,machine,N,1.0
2025-10-09T14:32:57,codecarbon,2b65ff1e-e4eb-4c5b-a01f-ff78f978b2c9,5b0fa12a-3dd7-45bb-9766-cc326314d9f1,31.998233833990525,4.8817433233095445e-05,1.5256289920988862e-06,1.2399,0.0039,3.0,1.239968393927753e-05,3.5277192004644884e-05,2.1392245243381092e-05,6.906912118730352e-05,Saudi Arabia,SAU,riyadh region,,,macOS-15.6.1-arm64-arm-64bit-Mach-O,3.13.5,3.0.7,8,Apple M3,1,Apple M3,46.7224,24.6869,16.0,machine,N,1.0
2025-10-09T14:33:25,codecarbon,824d025a-6fab-4011-b411-d72a0e631f23,5b0fa12a-3dd7-45bb-9766-cc326314d9f1,25.49616124999011,4.4345889890865135e-05,1.7393163408425784e-06,0.2096,0.0038,3.0,5.8535200251796346e-06,4.0976575025904085e-05,1.5912483576636684e-05,6.274257862772041e-05,Saudi Arabia,SAU,riyadh region,,,macOS-15.6.1-arm64-arm-64bit-Mach-O,3.13.5,3.0.7,8,Apple M3,1,Apple M3,46.7224,24.6869,16.0,machine,N,1.0
2025-10-09T14:33:53,codecarbon,934bb33e-cfa6-4c32-895c-10fabdec1f2e,5b0fa12a-3dd7-45bb-9766-cc326314d9f1,23.061497708025858,4.709705897846754e-05,2.0422376540651497e-06,0.8347999999999999,0.0038,3.0,4.248433896999751e-06,4.892042642045365e-05,1.346619725751225e-05,6.663505757496564e-05,Saudi Arabia,SAU,riyadh region,,,macOS-15.6.1-arm64-arm-64bit-Mach-O,3.13.5,3.0.7,8,Apple M3,1,Apple M3,46.7224,24.6869,16.0,machine,N,1.0
2025-10-09T14:34:32,codecarbon,29647146-59e5-4811-950e-aa29d07e9e7f,5b0fa12a-3dd7-45bb-9766-cc326314d9f1,35.48597179201897,6.877621519688327e-05,1.938124045185413e-06,2.0613,0.0026363636363636,3.0,1.7551340064340547e-05,4.6378063917029915e-05,3.33783081950484e-05,9.730771217641884e-05,Saudi Arabia,SAU,riyadh region,,,macOS-15.6.1-arm64-arm-64bit-Mach-O,3.13.5,3.0.7,8,Apple M3,1,Apple M3,46.7224,24.6869,16.0,machine,N,1.0
2025-10-15T01:19:24,codecarbon,4c79d28c-da76-45ed-aaac-7d41ff866ec6,5b0fa12a-3dd7-45bb-9766-cc326314d9f1,34.557340207997186,6.694384370904455e-05,1.9371816032749115e-06,1.1047999999999998,0.0039,3.0,1.5824626587114784e-05,4.502374692097152e-05,3.3866816284999003e-05,9.471518979308528e-05,Saudi Arabia,SAU,riyadh region,,,macOS-15.6.1-arm64-arm-64bit-Mach-O,3.13.5,3.0.7,8,Apple M3,1,Apple M3,46.7224,24.6869,16.0,machine,N,1.0
2025-10-15T01:20:28,codecarbon,a693266e-fff4-46a1-b610-c8d12dc543d1,5b0fa12a-3dd7-45bb-9766-cc326314d9f1,60.632023959002254,0.000120986153133,1.995416699513468e-06,2.069,0.0047,3.0,1.752137865279596e-05,0.0001147038165955,3.895150781249867e-05,0.0001711767030608,Saudi Arabia,SAU,riyadh region,,,macOS-15.6.1-arm64-arm-64bit-Mach-O,3.13.5,3.0.7,8,Apple M3,1,Apple M3,46.7224,24.6869,16.0,machine,N,1.0
2025-10-15T01:22:27,codecarbon,2070065f-97c1-46b9-8fcf-2b02f0ae3b41,5b0fa12a-3dd7-45bb-9766-cc326314d9f1,115.24340654200203,0.0001530186134783,1.3277862748930385e-06,1.3039,0.0,3.0,3.417840570098186e-05,0.0001071548021333,7.516447461833195e-05,0.0002164976824526,Saudi Arabia,SAU,riyadh region,,,macOS-15.6.1-arm64-arm-64bit-Mach-O,3.13.5,3.0.7,8,Apple M3,1,Apple M3,46.7224,24.6869,16.0,machine,N,1.0
2025-10-15T01:23:31,codecarbon,b8ae2c52-40c7-4ea8-9f73-49787573fc45,5b0fa12a-3dd7-45bb-9766-cc326314d9f1,61.83344187499824,7.466292750443366e-05,1.207484578577582e-06,1.175,0.0,3.0,1.999104915582863e-05,4.427524804243797e-05,4.137020284832943e-05,0.0001056365000465,Saudi Arabia,SAU,riyadh region,,,macOS-15.6.1-arm64-arm-64bit-Mach-O,3.13.5,3.0.7,8,Apple M3,1,Apple M3,46.7224,24.6869,16.0,machine,N,1.0
2025-10-15T01:24:23,codecarbon,580eef1a-2ea0-463e-a163-63140fa2cdda,5b0fa12a-3dd7-45bb-9766-cc326314d9f1,47.6311391670024,5.132411241420541e-05,1.077532750880781e-06,1.4974000000000005,0.0,3.0,1.343010682578757e-05,2.7362001428355284e-05,3.1823576459167574e-05,7.261568471331045e-05,Saudi Arabia,SAU,riyadh region,,,macOS-15.6.1-arm64-arm-64bit-Mach-O,3.13.5,3.0.7,8,Apple M3,1,Apple M3,46.7224,24.6869,16.0,machine,N,1.0
2025-10-15T01:25:08,codecarbon,64f65e6e-e06b-41d9-99dd-af3267d6e114,5b0fa12a-3dd7-45bb-9766-cc326314d9f1,43.19860195799993,4.3833169651982673e-05,1.014689542374536e-06,1.0431,0.0,3.0,1.0758407089901384e-05,2.3410630759469847e-05,2.7848120903333133e-05,6.201715875270437e-05,Saudi Arabia,SAU,riyadh region,,,macOS-15.6.1-arm64-arm-64bit-Mach-O,3.13.5,3.0.7,8,Apple M3,1,Apple M3,46.7224,24.6869,16.0,machine,N,1.0
2025-10-15T01:26:02,codecarbon,e3c472e4-139b-4b00-b66c-7a7c50dd5605,5b0fa12a-3dd7-45bb-9766-cc326314d9f1,50.002704875001655,6.333423492744985e-05,1.2666161777802776e-06,1.3604,0.0009,3.0,1.91043762803799e-05,2.670724910063417e-05,4.379652600666608e-05,8.960815138768016e-05,Saudi Arabia,SAU,riyadh region,,,macOS-15.6.1-arm64-arm-64bit-Mach-O,3.13.5,3.0.7,8,Apple M3,1,Apple M3,46.7224,24.6869,16.0,machine,N,1.0
2025-10-15T01:26:41,codecarbon,9ad84a6a-3006-4c9d-af0f-c2acbc01eaf8,5b0fa12a-3dd7-45bb-9766-cc326314d9f1,36.15999937500237,4.737052875067223e-05,1.310025707119336e-06,1.4254,0.0,3.0,1.6683449900358067e-05,1.53774557165806e-05,3.4961069409161306e-05,6.702197502609997e-05,Saudi Arabia,SAU,riyadh region,,,macOS-15.6.1-arm64-arm-64bit-Mach-O,3.13.5,3.0.7,8,Apple M3,1,Apple M3,46.7224,24.6869,16.0,machine,N,1.0
2025-10-15T01:27:20,codecarbon,5a8f97c2-0eaf-4301-b762-d216ec22de04,5b0fa12a-3dd7-45bb-9766-cc326314d9f1,35.411603083000955,4.531491592892949e-05,1.2796629348498074e-06,1.0255,0.0036999999999999,3.0,1.5418658986747475e-05,1.4566796332609952e-05,3.412814534750093e-05,6.411360066685836e-05,Saudi Arabia,SAU,riyadh region,,,macOS-15.6.1-arm64-arm-64bit-Mach-O,3.13.5,3.0.7,8,Apple M3,1,Apple M3,46.7224,24.6869,16.0,machine,N,1.0
2025-10-15T01:28:06,codecarbon,22a14a35-94bc-4b0f-8428-01d1bea21779,5b0fa12a-3dd7-45bb-9766-cc326314d9f1,43.85252220899929,4.679291046115576e-05,1.0670517476313609e-06,1.0502,0.0,3.0,1.2041362169550916e-05,2.5437121091008887e-05,2.8726251181666767e-05,6.620473444222656e-05,Saudi Arabia,SAU,riyadh region,,,macOS-15.6.1-arm64-arm-64bit-Mach-O,3.13.5,3.0.7,8,Apple M3,1,Apple M3,46.7224,24.6869,16.0,machine,N,1.0
2025-10-15T01:28:53,codecarbon,99fc2626-1842-4c68-8aa1-28fbcb42f6a6,5b0fa12a-3dd7-45bb-9766-cc326314d9f1,42.62761516699902,4.661483576953367e-05,1.0935360936077283e-06,1.4505,0.0038,3.0,1.2611232975574628e-05,2.5560049627123916e-05,2.7781503679998423e-05,6.595278628269696e-05,Saudi Arabia,SAU,riyadh region,,,macOS-15.6.1-arm64-arm-64bit-Mach-O,3.13.5,3.0.7,8,Apple M3,1,Apple M3,46.7224,24.6869,16.0,machine,N,1.0
2025-10-15T01:30:08,codecarbon,a0487c50-5c71-4b32-9997-0fdf778826c5,5b0fa12a-3dd7-45bb-9766-cc326314d9f1,73.18269720899843,8.574371927805114e-05,1.1716392337000148e-06,2.2133000000000007,0.021,3.0,2.5066926653382804e-05,4.8282445044116864e-05,4.796473569499843e-05,0.0001213141073924,Saudi Arabia,SAU,riyadh region,,,macOS-15.6.1-arm64-arm-64bit-Mach-O,3.13.5,3.0.7,8,Apple M3,1,Apple M3,46.7224,24.6869,16.0,machine,N,1.0
2025-10-15T01:30:56,codecarbon,e44fe905-012a-4ebb-b899-82ac2af8e94e,5b0fa12a-3dd7-45bb-9766-cc326314d9f1,43.68479583299995,4.8783743973866335e-05,1.116721345347678e-06,1.1156,0.0039,3.0,1.2575139509573352e-05,2.76429737373826e-05,2.8803342846664844e-05,6.902145609362079e-05,Saudi Arabia,SAU,riyadh region,,,macOS-15.6.1-arm64-arm-64bit-Mach-O,3.13.5,3.0.7,8,Apple M3,1,Apple M3,46.7224,24.6869,16.0,machine,N,1.0
2025-10-15T01:31:55,codecarbon,a687478d-9697-430c-b744-eee0411917f4,5b0fa12a-3dd7-45bb-9766-cc326314d9f1,57.06281637500069,5.914212440606726e-05,1.036438931044026e-06,0.9989,0.0029,3.0,1.508115687346064e-05,3.1480906058586804e-05,3.7114900139167736e-05,8.367696307121519e-05,Saudi Arabia,SAU,riyadh region,,,macOS-15.6.1-arm64-arm-64bit-Mach-O,3.13.5,3.0.7,8,Apple M3,1,Apple M3,46.7224,24.6869,16.0,machine,N,1.0
2025-10-15T01:32:41,codecarbon,d0212a37-662b-46bc-a3aa-d9fa8d5f8c94,5b0fa12a-3dd7-45bb-9766-cc326314d9f1,41.89248883300024,4.5528026939853656e-05,1.0867825762595792e-06,1.2960999999999998,0.0019,3.0,1.180723800373024e-05,2.560300033976116e-05,2.7004881458336363e-05,6.441511980182777e-05,Saudi Arabia,SAU,riyadh region,,,macOS-15.6.1-arm64-arm-64bit-Mach-O,3.13.5,3.0.7,8,Apple M3,1,Apple M3,46.7224,24.6869,16.0,machine,N,1.0
2025-10-15T01:33:40,codecarbon,9bbf9d4a-a45b-4f6e-b563-e89197f03eb5,5b0fa12a-3dd7-45bb-9766-cc326314d9f1,56.70357879199946,6.050358880094548e-05,1.0670153470010287e-06,1.4474999999999998,0.0019,3.0,1.6353864678515344e-05,3.347714969097547e-05,3.5772210347498306e-05,8.560322471698914e-05,Saudi Arabia,SAU,riyadh region,,,macOS-15.6.1-arm64-arm-64bit-Mach-O,3.13.5,3.0.7,8,Apple M3,1,Apple M3,46.7224,24.6869,16.0,machine,N,1.0
2025-10-15T01:34:38,codecarbon,168d7af8-7c2a-4a24-882f-1c6dc209b46a,5b0fa12a-3dd7-45bb-9766-cc326314d9f1,53.30077570800131,6.134555874908264e-05,1.1509318191756386e-06,1.8858000000000001,0.0009,3.0,1.6138300336920786e-05,3.68650542631173e-05,3.379112743083472e-05,8.679448203087281e-05,Saudi Arabia,SAU,riyadh region,,,macOS-15.6.1-arm64-arm-64bit-Mach-O,3.13.5,3.0.7,8,Apple M3,1,Apple M3,46.7224,24.6869,16.0,machine,N,1.0
